Basic Features	employees, company age (months), number of milestones in the CrunchBase profile, number of revisions on the company CrunchBase profile, number of TechCrunch articles about the company, number of competitors, number of competitors that got acquired, headquarter location, number of offices, number of products, number of providers					
Financial Features	number of funding rounds, number of investments by the company, number of acquisitions by the company, number of venture capital firms investing in the company, number of private equity firms investing in the company, number of people with financial background investing in the company, number of key persons in the company with financial background, number of investors per funding round, amount of investment per funding round, amount of investment in this run					
Managerial Features	number of companies founded by founders of the target company, number of successful companies by founders (being acquired or IPO), founder's highest education, founder related experience (months), associate with business side, technology side, sales side, marketing side, business development side, finance side, college ranking of the funder, founder's relationship to industry leader, degree of connections to industry leader, Innovation index for the funder (berkeley innovation index), team skills sets, Team innovation index (Berkeley innovation index)					
Biotech Industry Segment	Food Industry, Animal Health, Pharmaceutical, Medical Decide, Diagnostics, Healthcare Services					
Food Industry	food					
Animal Health	veterinary medicine, animal drug					
Pharmaceutical	Pharmaceutical, therapeutic, drug, antibiotics, treatment, cure, therapy			1	1	1
Medical Device	medical device, 510(k), 90/385/EEC, 93/42/EEC, 98/79/EC, 21 CFR 860					
Diagnostics	diagnostics, medical test					
Healthcare Services	healthcare service					
Innovation Model	novel approach, fast-follower, bio-better, me-better, biosimilar, generic, new treatment, innovative, breakthrough, first-in-class, novel target, fast follow-on, biologics and best-in-class, best-in-class, biosimilar, generic					
Therapeutic Areas	Cardiovascular, Conditions originating in the perinatal period, Congenital malformations, deformations and chromosomal abnormalities, Digestive system, blood disease, Immune disease, Diseases of the ear, Diseases of the eye, Diseases of the nervous system, Endocrine, nutritional and metabolic diseases, Genitourinary system, Infectious and parasitic diseases, Injury, poisoning and certain other consequences of external causes, Mental and behavioural disorders, Musculoskeletal system and connective tissue, Neoplasms / cancer / oncology, Pregnancy, childbirth and the puerperium, Respiratory, Skin and subcutaneous tissue, Symptoms, signs and abnormal clinical and laboratory findings, not elsewhere classified					
Cardiovascular	cardiovascular disease, coronary artery diseases, hypertension, myocardial infarction, angina, heart attack, stroke, heart failure, hypertensive heart disease, rheumatic heart disease, cardiomyopathy, heart arrhythmia, congenital heart disease, valvular heart disease, carditis, aortic aneurysms, peripheral artery disease, thromboembolic disease, venous thrombosis, atherosclerosis, Cerebrovascular disease, Renal artery stenosis, Pulmonary heart disease, Cardiac dysrhythmias, Endocarditis, Inflammatory cardiomegaly, Myocarditis, Eosinophilic myocarditis, 					myocardial infarction
Conditions originating in the perinatal period	PERINATAL Period					
Congenital malformations, deformations and chromosomal abnormalities	congenital malformation, chromosomal abnormality, congenital deformation					
Digestive system	Gastrointestinal disease, GI disease, gingivitis, periodontitis, dental caries, Gastroesophageal reflux, Gardner's syndrome, Peutz–Jeghers syndrome, Malabsorption, mouth ulcers, atrophic glossitis,  angular cheilitis, Crohn's disease, orofacial granulomatosis, Sideropenic dysphagia, glossitis, angular cheilitis, gastroesophageal reflux, oesophagitis, oesophageal varices, Boerhaave syndrome, Mallory-Weiss tears,  Zenker's diverticulum, esophageal webbing, oesophageal motility disorders, nutcracker oesophagus, achalasia, diffuse oesophageal spasm, oesophageal stricture,  gastritis, gastroenteritis, atrophic gastritis, pyloric stenosis, gastric cancer, gastric ulceration, peptic ulcers, Dieulafoy's lesion, Gastric antral vascular ectasia, Congenital disorder, pernicious anaemia, enterocolitis, infectious diarrhoea, mesenteric ischaemia, constipation, ileus, intussusception, volvulus,  intestinal pseudoobstruction, necrotizing enterocolitis, enteritis, duodenitis, jejunitis, ileitis, coeliac disease, infective Tropical sprue, short bowel syndrome, Curling's ulcer, blind loop syndrome, Milroy disease, Whipple's disease, gastrointestinal stromal tumours, lipomas, hamartomas, carcinoid syndromes, Appendicitis, colitis, Diverticulitis, colonic diseases, irritable bowel syndrome, intestinal pseudoobstruction, Hirschprung's disease, Hemorrhoids,  pruritus ani, ulcerative colitis, proctitis,  Faecal incontinence, encopresis, anal abscesses, small inflamed nodules, anal fissures, anal fistulas, Hepatitis, NASH, Alcoholic liver, hepatic fibrosis, hepatic fibrosis, liver failure, hepatic encephalopathy, hepatorenal syndrome, hemochromatosis, Wilson's disease, primary biliary cirrhosis, jaundice, Portal hypertension, oesophageal varices, haemorrhoids, exocrine pancreas, pancreatitis, pancreatic cancer, pancreatic pseudocysts, exocrine pancreatic insufficiency, pancreatic fistulas, cholecystolithiasis, choledocholithiasis, cholecystitis, cholangitis, Gastrointestinal bleeding, gastrointestinal disorder, dyspepsia, Belching, Rumination syndrome, abdominal bloating/distension, bowel syndrome, sphincter, Oddi disorder, Proctalgia fugax, Dyssynergic defecation, Cyclic vomiting syndrome, Infant colic, Functional diarrhea, Infant dyschezia, Aerophagia, Postprandial distress syndrome, Epigastric pain syndrome					
blood disease	Anemias, Acanthocytosis, Alpha-thalassemia, Beta-thalassemia, Glucose-6-phosphate dehydrogenase deficiency, Hemoglobinopathy, Hereditary, Clostridium infection, Cholera infection, E. coli 0157:H7 infection, Typhoid fever, Leishmania infection, Malaria infection, Toxoplasmosis, Nonfamilial hypogammaglobulinemia, Selective deficiency of immunoglobulin, Immunodeficiency with increased immunoglobulin M, Antibody deficiency with near-normal immunoglobulins, hyperimmunoglobulinemia, hypogammaglobulinemia of infancyspherocytosis, Hereditary elliptocytosis, Hereditary pyropoikilocytosis, Cold hemagglutinin disease, Paroxysmal cold hemoglobinuria, Hemolytic-uremic syndrome, Hemolytic-uremic syndrome, Hereditary stomatocytosis, Hexokinase deficiency, Hyperanaemia, Ineffective erythropoiesis, Minkowski-Chauffard syndrome, Myelophthisic anemia, Neuroacanthocytosis, Chorea acanthocytosis, hemoglobinuria, Pyruvate kinase deficiency, Rh deficiency syndrome, Sickle-cell disease, ovalocytosis, Thalassemia, Triosephosphate isomerase deficiency, Lymphoma, reticuloendotheliosis, reticulosis, Microglioma, leukemia, Lymphomatoid granulomatosis, Acute erythraemia and erythroleukaemia, Acute erythremic myelosis, Heilmeyer-Schöner disease, Panmyelosis, Acute panmyelosis with myelofibrosis, Polycythemia vera, myelofibrosis, myeloma, Kahler's disease, Myelomatosis, Plasmacytoma, Malignant plasma cell tumour NOS, Plasmacytoma NOS, Malignant Immunoproliferative Disease, Monoclonal gammopathy, T-gamma lymphoproliferative disease, Waldenström's macroglobulinaemia, Alpha heavy chain disease, Gamma heavy chain disease, Franklin's disease, Immunoproliferative small intestinal disease, Mediterranean disease, Malignant immunoproliferative disease, Coagulation, purpura, hemorrhagic condition, Disseminated intravascular coagulation, Protein C deficiency, Protein S deficiency, Factor V Leiden, Thrombocytosis, Idiopathic thrombocytopenic purpura, thrombosis, Hemophilia, Von Willebrand disease, Antiphospholipid syndrome, Thrombocytopenia, Glanzmann's thrombasthenia, Wiskott-Aldrich syndrome, Thrombotic thrombocytopenic purpura					
Immune disease	lupus, Rheumatology, gastroenterology, Alopecia areata, celiac disease, Graves' disease, inflammatory bowel disease, multiple sclerosis, psoriasis, rheumatoid arthritis, systemic lupus erythematosus, Nonsteroidal anti-inflammatory drugs, immunosuppressants, autoimmunity, autoimmune disease, scleroderma, hemolytic anemia, vasculitis, type one diabetes, graves disease, goodpasture's syndrome, pernicious anemia, myopathy, lyme disease, primary immune deficiency, diseases, virus, pneumonia, bronchitis, sinusitis, severe combined immunodeficiency, digeorge syndrome, hyperimmunoglobulin e syndrome, common variable immunodeficiency, chronic granulomatous disease, nadph oxidase, wiskott-aldrich syndrome, autoimmune lymphoproliferative syndrome, hyper igm syndrome, leukocyte adhesion deficiency, selective immunoglobulin a deficiency, x-linked agammaglobulinemia, cell-mediated immunity, x-linked lymphoproliferative disease, ataxia-telangiectasia, seasonal allergy, mastocytosis, anaphylaxis, food allergy, allergic rhinitis, atopic dermatitis, immunity disorder, hypersplenism					
Diseases of the ear	hearing loss, tinnitus, balance disorders, vertigo, eardrum, otoscope, outer ear, middle ear, inner ear, ear canal ,tympanic cavity, ossicles, eustachian tube, otolith, utricle, saccule, semicircular canals, vestibular system, cochlea, auditory system, pinna, tragus, antitragus, auditory bulla, tympanic part, temporal bone, ceruminous, sebaceous glands, auricular nerve, auriculotemporal nerve, greater occipital nerves, cervical plexus, tubercle, darwin's tubercle, earlobe, superior olivary complex, trapezoid bodies, malleus, incus, secondary tympanic membrane, cochlear, vestibulocochlear nerve, bony labyrinth, vestibule, membranous labyrinth, endolymph, vestibular duct, cochlear duct, tympanic duct, tensor tympani, stapedius, equilibrioception, kinocilium, otoliths, depolarisation, ampulla, cupula, vestibulo–ocular reflex, embryogenesis, otic pit, otic vesicle, ductus reuniens, scala vestibuli, scala tympani, scala media, perilymph, vestibular membrane, basilar membrane, pharyngeal arches, pharyngeal pouch, pharynx, tubotympanic recess, pharyngeal cleft, otitis media, hearing aids, cochlear implants, atresia, microtia, otoplasty, annular stapedial ligament, benign paroxysmal positional vertigo, ménière's disease, labyrinthitis, laceration, avulsion injuries, cauliflower ear, haematoma, perichondrium, barotrauma, otorrhea, otoscopy					
Diseases of the eye	ectropion, lagophthalmos, blepharochalasis, ptosis, stye, xanthelasma, leishmaniasis, loiasis, onchocerciasis, phthiriasis, dacryoadenitis, epiphora, exophthalmos, conjunctivitis, scleritis, sclera, keratitis, cornea, corneal ulcer, corneal abrasion, snow blindness, arc eye, thygeson's superficial punctate keratopathy, corneal neovascularization, fuchs' dystrophy, keratoconus, keratoconjunctivitis sicca, iritis, iris, uveitis, sympathetic ophthalmia, cataract, chorioretinal, chorioretinitis, choroiditis, retinitis, retinochoroiditis, disseminated, exudative, retinopathy, posterior cyclitis, pars planitis, inflammations, harada's disease, choroid, scars, macula, posterior pole, inflammatory, traumatic, solar retinopathy, choroidal, angioid streaks, choroideremia, areolar, peripapillary, gyrate atrophy, ornithinaemia, haemorrhage, toxoplasma, retinal detachment, retina, distorted vision, retinoschisis, hypertensive retinopathy, diabetic retinopathy, retinopathy of prematurity, age-related macular degeneration, macular degeneration, bull's eye maculopathy, epiretinal membrane, peripheral, retinal, hereditary, retinitis pigmentosa, retinal haemorrhage, retinal layers, central serous retinopathy, retinal disorders, macular edema, retinal disorder, glaucoma, optic neuropathy, ocular hypertension, open-angle glaucoma, angle-closure glaucoma, normal tension glaucoma, floaters, leber's hereditary optic neuropathy, optic disc drusen, strabismus, ophthalmoparesis, eye muscles, progressive external ophthaloplegia, esotropia, exotropia, disorders of refraction, accommodation, hypermetropia, myopia, astigmatism, anisometropia, presbyopia, ophthalmoplegia, amblyopia, leber's congenital amaurosis, scotoma, anopsia, color blindness, achromatopsia, maskun, cone cells, nyctalopia, blindness, river blindness, micropthalmia, coloboma, optic nerve, brain, spinal cord, red eye, argyll robertson pupil, xerophthalmia, aniridia, endophthalmitis, corneal dystrophies in human, corrective lenses, chalazion, blepharitis, entropion, blepharophimosis, trichiasis, madarosis, lacrimal apparatus, dacryocystitis, enophthalmos, orbital cellulitis, periorbital cellulitis, pterygium, pinguecula, subconjunctival hemorrhage, fibrous tunic, episcleritis, herpetic, acanthamoebic, corneal dystrophy, meesmann, corneal ectasia, pellucid marginal degeneration, keratoglobus, terrien's marginal degeneration, post-lasik ectasia, keratoconjunctivitis, sicca, kayser–fleischer ring, haab's striae, arcus senilis, band keratopathy, vascular tunic, ciliary body, intermediate uveitis, hyphema, rubeosis iridis, persistent pupillary membrane, iridodialysis, synechia, congenital cataract, childhood cataract, aphakia, ectopia lentis, cytomegalovirus retinitis, ocular ischemic syndrome, central retinal vein occlusion, central retinal artery occlusion, branch retinal artery occlusion, purtscher's, of prematurity, bietti's crystalline dystrophy, coats' disease, vitelliform macular dystrophy, birdshot chorioretinopathy, primary juvenile glaucoma, floater, globe rupture, phthisis bulbi, persistent fetal vasculature, persistent hyperplastic primary vitreous, persistent tunica vasculosa lentis, familial exudative vitreoretinopathy, pathways, optic disc, optic neuritis, optic papillitis, papilledema, foster kennedy syndrome, optic atrophy, ischemic, anterior (aion),posterior (pion),kjer's, leber's hereditary, binocular vision, paralytic strabismus, chronic progressive external ophthalmoplegia, kearns–sayre syndrome, palsies, oculomotor, hypertropia, heterophoria, esophoria, exophoria, cyclotropia, brown's syndrome, duane syndrome, conjugate gaze palsy, convergence insufficiency, internuclear ophthalmoplegia, one and a half syndrome, hyperopia, aniseikonia, vision disorders, diplopia, dichromacy, monochromacy, oguchi disease, vision loss, visual impairment, hemianopsia, binasal, bitemporal, quadrantanopia, asthenopia, hemeralopia, photophobia, scintillating scotoma, anisocoria, marcus gunn pupil, adie syndrome, mydriasis, cycloplegia, parinaud's syndrome, nystagmus, childhood blindness, infections, trachoma, congenital, distichia, ablepharon, marcus gunn phenomenon, congenital lacrimal duct obstruction, anophthalmia, cystic eyeball, cryptophthalmos, microphthalmia, anterior segment, axenfeld syndrome, megalocornea, buphthalmos, coloboma of optic nerve, hydrophthalmos, norrie disease					
Diseases of the nervous system	neurosurgery, neurological disorders, traumatic brain injury, list of central nervous system infections, hypospadias, spina bifida, microgyria, polymicrogyria, bilateral frontoparietal polymicrogyria, pachygyria, arachnoid cysts, cerebrospinal fluid, congenital disorder, ataxia, hemiparesis, macrocephaly, adhd, hydrocephalus, urinary incontinence, attention deficit-hyperactivity disorder, dopamine, dementia with lewy bodies, attention deficit disorder, parkinson's disease, autism, bipolar disorder, catalepsy, epilepsy, benzodiazepines, lorazepam, major depressive disorder, locked-in syndrome, meningitis, meninges, migraine, neurological disorder, multiple sclerosis, demyelinating disease, myelin sheath, depression, myelopathy, alzheimer's disease, neurodegenerative, dementia, huntington's disease, striatum, bradykinesia, seborrheic dermatitis, attention deficit/hyperactivity disorder, bi-polar disorder, tourette's syndrome, neural rehabilitation, neurodegenerative disease					
Endocrine, nutritional and metabolic diseases	iodine-deficiency, goitre,  hypothyroidism, myxoedema coma, thyrotoxicosis, hyperthyroidism, graves' disease, toxic single thyroid nodule, thyrotoxicosis factitia, thyroid crisis, thyroiditis, hypersecretion of calcitonin, sick-euthyroid syndrome, diabetic, diabetes, drug-induced insulin coma in nondiabetic, hyperinsulinism, hypoglycaemic coma, pancreatic internal secretion, drug-induced hypoglycaemia, coma, hypoglycaemia, functional nonhyperinsulinaemic hypoglycaemia, hyperplasia of pancreatic islet beta cells, posthypoglycaemic coma encephalopathy, hypergastrinaemia, zollinger-ellison syndrome, hypoparathyroidism, pseudohypoparathyroidism, hyperparathyroidism, parathyroid gland, primary hyperparathyroidism, secondary hyperparathyroidism, acromegaly, pituitary gigantism, hyperprolactinaemia, syndrome of inappropriate secretion of antidiuretic hormone, precocious puberty, hypopituitarism, fertile eunuch syndrome, hypogonadotropic hypogonadism, idiopathic growth hormone deficiency, gonadotropin, growth hormone, pituitary hormone, kallmann's syndrome, lorain-levi short stature, necrosis, ppanhypopituitarism, cachexia, pituitary insufficiency, short stature, sheehan's syndrome, simmonds' disease, diabetes insipidus, hypothalamic dysfunction, abscess of pituitary, adiposogenital dystrophy, cushing's syndrome, pituitary-dependent cushing's disease, nelson's syndrome, ectopic acth syndrome, pseudo-cushing's syndrome, adrenogenital disorders, congenital adrenogenital disorders, enzyme deficiency, congenital adrenal hyperplasia, congenital adrenal hyperplasia due to 21-hydroxylase deficiency, hyperaldosteronism, primary hyperaldosteronism, conn's syndrome, primary aldosteronism due to adrenal hyperplasia, secondary hyperaldosteronism, bartter's syndrome, adrenal gland, adrenocortical, primary adrenocortical insufficiency, addison's disease, addisonian crisis, adrenocortical insufficiency, hypoaldosteronism, adrenomedullary, ovarian, estrogen, androgen, polycystic ovarian syndrome, primary ovarian failure, premature menopause, testicular, testicular hyperfunction, testicular hypofunction, 5-alpha-reductase deficiency, pseudohermaphroditism, testicular hypogonadism, puberty, delayed puberty, thelarche, polyglandular, schmidt's syndrome, polyglandular hyperfunction, thymus, persistent hyperplasia of thymus, hypertrophy of thymus, abscess of thymus, endocrine disorders, carcinoid syndrome, hypersecretion of intestinal hormones, ectopic hormone secretion, laron-type, psychosocial, constitutional tall stature, gigantism, androgen resistance syndrome, reifenstein's syndrome, progeria, marasmus, marasmic, protein-energy malnutrition, retarded development, xerosis, bitot's spot, corneal ulceration, keratomalacia, night blindness, xerophthalmic, cornea, xerophthalmia, thiamine, beriberi, wernicke's encephalopathy, pellagra, ariboflavinosis, pyridoxine, itamin d deficiency, calcium deficiency, selenium deficiency, zinc deficiency, iron deficiency, magnesium deficiency, manganese deficiency, chromium deficiency, molybdenum deficiency, vanadium deficiency, nutritional deficiencies, obesity, alveolar hypoventilation, pickwickian syndrome, hyperalimentation, hypervitaminosis a, hypercarotenaemia, megavitamin-b 6 syndrome, hypervitaminosis d, aphenylketonuria, hyperphenylalaninaemias, alkaptonuria, ochronosis, tyrosinaemia, albinism, oculocutaneous albinism, partial albinism, albinoidism, waardenburg syndrome, chédiak–higashi syndrome, piebaldism, tietz syndrome, hermansky–pudlak syndrome, cross syndrome, maple-syrup-urine disease, propionic acidemia, methylmalonic acidemia, isovaleric acidemia, disorders of fatty-acid metabolism, adrenoleukodystrophy, muscle carnitine palmityltransferase deficiency, cystinuria, cystinosis, hartnup disease, lowe's syndrome, sulfur-bearing, cystathioninuria, homocystinuria, methioninaemia, sulfite oxidase deficiency, argininaemia, argininosuccinic aciduria, citrullinaemia, hyperammonaemia, aciduria, hydroxylysinaemia, hyperlysinaemia, lysinuric protein intolerance, ornithinaemia, hyperhydroxyprolinaemia, hyperprolinaemia, non-ketotic hyperglycinaemia, sarcosinaemia, lactose intolerance, glycogen storage disease, von gierke's disease, pompe's disease, mcardle's disease, fructose, essential fructosuria, fructose-1, 6-diphosphatase deficiency, hereditary fructose intolerance, galactose, galactosaemia, galactokinase deficiency, glucose-galactose malabsorption, sucrase deficiency, pyruvate metabolism, gluconeogenesis, deficiency of phosphoenolpyruvate carboxykinase, deficiency of pyruvate carboxylase, deficiency of pyruvate dehydrogenase, disorders of carbohydrate metabolism, essential pentosuria, oxalosis, oxaluria, renal glycosuria, sphingolipid, gangliosidosis, sandhoff disease, tay-sachs disease, gangliosidosis, mucolipidosis iv, sphingolipidosis, gaucher's disease, niemann-pick disease, farber's disease, fabry's disease, neuronal ceroid lipofuscinosis, batten disease, bielschowsky-jansky disease, kufs disease, spielmeyer-vogt disease, lipid storage disorders, cerebrotendinous cholesterosis, wolman's disease, lipid storage disorder, glycosaminoglycan, mucopolysaccharidosis, hurler syndrome, hunter syndrome, mucopolysaccharidoses, sanfilippo syndrome, morquio syndrome, mucolipidosis, i-cell disease, pseudo-hurler polydystrophy, aspartylglucosaminuria, fucosidosis, mannosidosis, sialidosis, disorders of glycoprotein metabolism, disorder of glycoprotein metabolism, lipidaemias, hypercholesterolaemia, hyperbetalipoproteinaemia, hyperlipidaemia, hyperlipoproteinaemia, hyperglyceridaemia, hyperprebetalipoproteinaemia, betalipoproteinaemia, prebetalipoproteinaemia, tubero-eruptive xanthoma, xanthoma tuberosum, hyperchylomicronaemia, mixed hyperglyceridaemia, familial combined hyperlipidaemia, abetalipoproteinaemia, high-density lipoprotein deficiency, hypoalphalipoproteinaemia, hypobetalipoproteinaemia, lecithin cholesterol acyltransferase deficiency, tangier disease, purine, pyrimidine, hyperuricaemia, inflammatory arthritis, tophaceous, lesch-nyhan syndrome, xanthinuria, hereditary erythropoietic porphyria, erythropoietic protoporphyria, erythropoietic porphyria, congenital, gunther's disease, erythropoietic porphyria, erythropoietic coproporphyria, porphyria cutanea tarda, sporadic porphyria cutanea tarda, familial porphyria cutanea tarda, porphyria, acute intermittent porphyria, hereditary coproporphyria, variegate porphyria, chester porphyria, porphyria, hepatic, pseudoporphyria, toxic porphyria, hepatoerythropoietic porphyria, acatalasia, gilbert's syndrome, crigler-najjar syndrome, dubin-johnson syndrome, rotor's syndrome, mineral, copper, wilson's disease, menkes disease, iron metabolism, aceruloplasminemia, hemochromatosis, acrodermatitis enteropathica, hypophosphataemia, hypophosphatasia, osteomalacia, hypermagnesemia, hypomagnesemia, disorders of calcium metabolism, hypocalciuric, hypercalcaemia, hypercalciuria, cystic fibrosis, amyloidosis, familial mediterranean fever, hereditary amyloid nephropathy, neuropathic heredofamilial amyloidosis, amyloid polyneuropathy, heredofamilial amyloidosis, secondary systemic amyloidosis, haemodialysis-associated amyloidosis, organ-limited amyloidosis, localized amyloidosis, hypovolaemia, hyperosmolality, hypernatraemia, hyponatraemia, acidosis, respiratory acidosis, metabolic acidosis, lactic acidosis, alkalosis, mixed disorder of acid-base balance, hyperkalaemia, hypokalaemia, fluid overload, electrolyte imbalance, hyperchloraemia, hypochloraemia, metabolic disorders, alpha-1-antitrypsin deficiency, bisalbuminaemia, lipodystrophy, lipomatosis, launois-bensaude adenolipomatosis, trimethylaminuria, metabolic disorder, hypoinsulinaemia, ketoacidosis, insulin resistance, hypoglycemia, zollinger–ellison syndrome, hypothalamic, pituitary, hypothalamus, kallmann syndrome, crh, tertiary adrenal insufficiency, vasopressin, neurogenic diabetes insipidus, hypothalamic hamartoma, hyperpituitarism, pituitary acth hypersecretion, siadh, growth hormone deficiency, hypoprolactinemia, acth deficiency, secondary adrenal insufficiency, gnrh insensitivity, fsh insensitivity, lh/hcg insensitivity, neurogenic, empty sella syndrome, pituitary apoplexy, lymphocytic hypophysitis, iodine deficiency, cretinism, myxedema, myxedema coma, euthyroid sick syndrome, hyperthyroxinemia, thyroid hormone resistance, familial dysalbuminemic hyperthyroxinemia, hashitoxicosis, thyroid storm, de quervain's, subacute lymphocytic, hashimoto's, riedel's, pseudopseudohypoparathyroidism, osteitis fibrosa cystica, primary aldosteronism, conn syndrome, bartter syndrome, glucocorticoid remediable aldosteronism, ame, liddle's syndrome, 17α cah, cortisol, adrenal insufficiency, polycystic ovary syndrome, premature ovarian failure, 5α-reductase deficiency, 17β-hydroxysteroid dehydrogenase deficiency, aromatase excess syndrome, androgen receptor, androgen insensitivity syndrome, hypogonadism, hypergonadism, hypoandrogenism, hypoestrogenism, hyperandrogenism, hyperestrogenism, postorgasmic illness syndrome, dwarfism, midget, laron syndrome, ateliosis, autoimmune polyendocrine syndrome multiple, aps1, aps2, multiple endocrine neoplasia, 2a, 2b, werner syndrome, acrogeria, metageria, woodhouse–sakati syndrome, vitamin deficiency, wernicke–korsakoff syndrome, korsakoff's syndrome, riboflavin deficiency, pyridoxine deficiency, biotin deficiency, folate deficiency, vitamin b12 deficiency, vitamin a deficiency, bitot's spots, vitamin e deficiency, mineraldeficiency, keshan disease, overnutrition, overweight, vitamin poisoning, hypervitaminosis e, inborn errors of metal metabolism, glutaric acidemia type 1, hyperlysinemia, pipecolic acidemia, saccharopinuria, leucine, 3-hydroxy-3-methylglutaryl-coa lyase deficiency, 3-methylcrotonyl-coa carboxylase deficiency, 3-methylglutaconic aciduria 1, maple syrup urine disease, hypertryptophanemia, g, pyruvate, citrate, d-glyceric acidemia, glutathione synthetase deficiency, sarcosinemia, gamt deficiency, glycine encephalopathy, α-ketoglutarate, carnosinemia, histidinemia, urocanic aciduria, hyperprolinemia, prolidase deficiency, hypervalinemia, isobutyryl-coa dehydrogenase deficiency, isoleucine, 2-methylbutyryl-coa dehydrogenase deficiency, beta-ketothiolase deficiency, hypermethioninemia, methylmalonyl-coa mutase deficiency, fumarate, phenylalanine, 6-pyruvoyltetrahydropterin synthase deficiency, tetrahydrobiopterin deficiency, tyrosinemia, hawkinsinuria, ocular albinism, norepinephrine, dopamine beta hydroxylase deficiency, brunner syndrome, hyperammonemia, argininemia, carbamoyl phosphate synthetase i deficiency, citrullinemia, n-acetylglutamate synthase deficiency, ornithine transcarbamylase deficiency, translocase deficiency, iminoglycinuria, fanconi syndrome, oculocerebrorenal syndrome, 2-hydroxyglutaric aciduria, aminoacylase 1 deficiency, ethylmalonic encephalopathy, fumarase deficiency, fatty-acid metabolism disorders, biotinidase deficiency, mitochondrial trifunctional protein deficiency, acute fatty liver of pregnancy, unsaturated, 2, 4 dienoyl-coa reductase deficiency, odd chain, 3-hydroxyacyl-coenzyme a dehydrogenase deficiency, glutaric acidemia type 2, malonic aciduria, sjögren–larsson syndrome, monosaccharide, e73–e74, 271, sucrose, disaccharide, congenital alactasia, sucrose intolerance, inborn errors of renal tubular transport, fructose malabsorption, fructose intolerance, galactosemia, galk deficiency, galt deficiency, gale deficiency, adult polyglucosan body disease, glycogenolysis, gsd type, triosephosphate isomerase deficiency, pyruvate kinase deficiency, fructose bisphosphatase deficiency, glucose-6-phosphate dehydrogenase deficiency, transaldolase deficiency, 6-phosphogluconate dehydrogenase deficiency, hyperoxaluria, primary hyperoxaluria, pentosuria, aldolase a deficiency, lysosomal storage diseases, tay–sachs disease, globoside, globotriaosylceramide, sphingomyelin, niemann–pick disease, smpd1-associated, sulfatidoses, leukodystrophy, metachromatic leukodystrophy, multiple sulfatase deficiency, galactocerebroside, krabbe disease, sphingosine, farber disease, ncl, infantile, jansky–bielschowsky disease, cerebrotendineous xanthomatosis, cholesteryl ester storage disease, lysosomal acid lipase deficiency, wolman disease, sea-blue histiocytosis, hurler-scheie syndrome, scheie syndrome, hunter syndrome, sanfilippo syndrome, morquio syndrome, maroteaux-lamy syndrome, sly syndrome, hyaluronidase deficiency, glycoproteinoses, dolichol kinase deficiency, congenital disorder of glycosylation, mucolipidosis, i-cell disease (ml ii),pseudo-hurler polydystrophy (ml iii),alpha-mannosidosis, beta-mannosidosis, schindler disease, salla disease, galactosialidosis, dyslipidemia, hyperlipidemia, hypercholesterolemia, hypertriglyceridemia, lipoprotein lipase deficiency, familial apoprotein cii deficiency, hypercholesterolemia, combined hyperlipidemia, familial dysbetalipoproteinemia, familial hypertriglyceridemia, xanthoma/xanthomatosis, hypolipoproteinemia, hypoalphalipoproteinemia/hdl, hypobetalipoproteinemia/ldl, abetalipoproteinemia, apolipoprotein b deficiency, chylomicron retention disease, barraquer–simons syndrome, adiposis dolorosa, lipoid proteinosis, apoa1 familial renal amyloidosis, purine–pyrimidine metabolism, 277.2, purine metabolism, adenylosuccinate lyase deficiency, adenosine monophosphate deaminase deficiency type 1, lesch–nyhan syndrome, hyperuricemia, adenine phosphoribosyltransferase deficiency, adenosine deaminase deficiency, purine nucleoside phosphorylase deficiency, mitochondrial neurogastrointestinal encephalopathy syndrome, pyrimidine metabolism, orotic aciduria, miller syndrome, dihydropyrimidine dehydrogenase deficiency, alad porphyria, gunther disease/congenital erythropoietic porphyria, harderoporphyria, hereditary hyperbilirubinemia, bilirubin, crigler–najjar syndrome, lucey–driscoll syndrome, dubin–johnson syndrome, rotor syndrome, genetic disorder, peroxisomal disorders, peroxisome biogenesis disorder, zellweger syndrome, neonatal adrenoleukodystrophy, infantile refsum disease, adult refsum disease-2, rcp 1, rcp 2&3, mevalonate kinase deficiency, d-bifunctional protein deficiency, adult refsum disease-1, x-linked adrenoleukodystrophy, danon disease, primary iron overload disorder, hemochromatosis/hfe1, iron overload/hfe4, atransferrinemia, hemosiderosis, cu, copper toxicity, copper deficiency, occipital horn syndrome, zinc toxicity, template:water-electrolyte imbalance and acid-base imbalance, hyperphosphatemia, hypophosphatemia, alkaline phosphatase, milk-alkali syndrome, calcinosis, calciphylaxis, calcinosis cutis, calcification, metastatic calcification, dystrophic calcification, familial hypocalciuric hypercalcemia, hypocalcaemia, albright's hereditary osteodystrophy, al amyloidosis, aa amyloidosis, aβ2m/haemodialysis-associated, agel/finnish type, aa/familial mediterranean fever, attr/transthyretin-related hereditary, aanf/isolated atrial, familial amyloid neuropathy, acys+abri/cerebral amyloid angiopathy, amyloidosis, amyloid purpura, acal/medullary thyroid cancer, apro/prolactinoma, aiapp/insulinoma, aiapp/diabetes mellitus type 2, acid–base imbalance, hypovolemia, hypervolemia, hypernatremia, salt poisoning, alcoholic ketoacidosis, hyperchloremic, renal tubular, respiratory, contraction alkalosis					
Genitourinary system	urinary tract infections, prostate hyperplasia, vaginal bleeding, glomerular abnormality, focal and segmental glomerular lesions, membranous glomerulonephritis, mesangial proliferative glomerulonephritis, endocapillary proliferative glomerulonephritis, mesangiocapillary glomerulonephritis, membranoproliferative glomerulonephritis, dense deposit disease, crescentic glomerulonephritis, extracapillary glomerulonephritis, proliferative glomerulonephritis, acute nephritic syndrome, nephritic syndrome, haematuria, chronic nephritic syndrome, nephrotic syndrome, lipoid nephrosis, isolated proteinuria, hereditary nephropathy, glomerular, acute, tubulo-interstitial nephritis, pyelonephritis, chronic, nonobstructive reflux-associated chronic pyelonephritis, chronic obstructive pyelonephritis, interstitial nephritis, pyelitis, hydronephrosis, ureteropelvic, ureteral, stricture, renal, calculous, hydroureter, kinking, ureter, pyonephrosis, vesicoureteral-reflux-associated uropathy, reflux uropathy, balkan nephropathy, balkan endemic nephropathy, perinephric abscess, renal tubulo-interstitial diseases, renal tubulo-interstitial disease, infection of kidney, acute renal failure, tubular necrosis, acute cortical necrosis, medullary necrosis, chronic renal failure, renal failure, calculus, kidney, nephrolithiasis, urinary calculus, renal osteodystrophy, azotaemic osteodystrophy, phosphate-losing tubular disorders, nephrogenic diabetes insipidus, lightwood-albright syndrome, renal tubular acidosis, secondary hyperparathyroidism, contracted kidney, small kidney, ischaemia, infarction, hypertrophy of kidney, megaloureter, nephroptosis, pyeloureteritis, ureteritis, ureterocele, cystitis, acute cystitis, interstitial cystitis, chronic cystitis, trigonitis, irradiation cystitis, neuromuscular dysfunction of bladder, uninhibited neuropathic bladder, reflex neuropathic bladder, flaccid neuropathic bladder, neurogenic bladder, bladder-neck obstruction, vesicointestinal fistula, vesical fistula, rupture of bladder, bladder disorder, urethritis, urethral syndrome, urethral abscess, nongonococcal urethritis, urethral stricture, urethral fistula, urethral diverticulum, urethral caruncle, prolapsed urethral mucosa, other specified disorders of urethra, urethral disorder, urinary tract infection, proteinuria, orthostatic proteinuria, stress incontinence, urinary incontinence, overflow incontinence, reflex incontinence, urge incontinence, hyperplasia, prostate, inflammatory diseases of prostate, hydrocele, spermatocele, encysted hydrocele, infected hydrocele, torsion of testis, orchitis, epididymitis, male infertility, azoospermia, oligospermia, prepuce, phimosis, paraphimosis, leukoplakia, balanoposthitis, balanitis, priapism, impotence, induratio penis plastica, peyronie's disease, inflammatory disorders of seminal vesicle, vesiculitis, benign mammary dysplasia, solitary cyst of breast, diffuse cystic mastopathy, fibroadenosis of breast, fibrosclerosis of breast, mammary duct ectasia, benign mammary dysplasias, mastitis, hypertrophy of breast, gynecomastia, lump in breast, fissure, fistula, fat necrosis of breast, atrophy of breast, galactorrhoea, mastodynia, induration of breast, nipple discharge, retraction of nipple, disorders of breast, galactocele, disorder of breast, salpingitis, oophoritis, hydrosalpinx, inflammatory disease, endometritis, endomyometritis, metritis, myometritis, pyometra, uterine abscess, cervix uteri, cervicitis, endocervicitis, exocervicitis, pelvic inflammatory diseases, parametritis, pelvic cellulitis, pelvic peritonitis, pelvic peritoneal adhesions, pelvic inflammatory disease, pelvic inflammatory disorders, bartholin's gland, vaginitis, vulvovaginal, ulceration of vulva in infectious and parasitic diseases, vaginitis, vulvitis and vulvovaginitis in infectious and parasitic diseases, vulvovaginal ulceration and inflammation in other diseases, endometriosis, adenomyosis, female genital prolapse, urethrocele, cystocele, rectocele, fistulae, vesicovaginal fistula, follicular cyst of ovary, corpus luteum cyst, ovarian cysts, acquired atrophy of ovary and fallopian tube, prolapse and hernia of ovary and fallopian tube, torsion of ovary, ovarian pedicle and fallopian tube, haematosalpinx, haematoma of broad ligament, polyp, polyp of corpus uteri, polyp of cervix uteri, endometrial glandular hyperplasia, endometrial adenomatous hyperplasia, hypertrophy of uterus, subinvolution of uterus, malposition of uterus, inversion of uterus, intrauterine synechiae, haematometra, erosion, ectropion, dysplasia, cervical dysplasia, dysplasia of cervix uteri, old laceration, stenosis, noninflammatory disorders of cervix uteri, noninflammatory disorder of cervix uteri, vaginal dysplasia, atresia, tight hymenal ring, haematocolpos, noninflammatory disorders of vagina, leukorrhoea, noninflammatory disorder of vagina, perineum, vulvar dysplasia, dysplasia of vulva, atrophy, hypertrophy, vulvar cyst, menstruation, amenorrhoea, oligomenorrhoea, excessive, frequent menstruation, regular cycle, menorrhagia, irregular cycle, menometrorrhagia, metrorrhagia, excessive menstruation, puberty, ovulation bleeding, excessive bleeding, premenopausal period, uterine, postcoital bleeding, abnormal uterine and vaginal bleeding, pain, female genital organs, mittelschmerz, dyspareunia, vaginismus, premenstrual tension syndrome, dysmenorrhoea, menopausal, perimenopausal, post-menopausal bleeding, climacteric, postmenopausal, atrophic vaginitis, artificial menopause, habitual aborter, female infertility, anovulation, tubal, cervical, male, artificial fertilization, infection, artificial insemination, hyperstimulation of ovaries, complications, attempted introduction of fertilized ovum, in vitro fertilization, attempted introduction of embryo, embryo transfer, complication, postprocedural, adhesions of vagina, prolapse of vaginal vault, hysterectomy, external stoma of urinary tract, postprocedural disorders of genitourinary system, residual ovary syndrome, postprocedural disorder of genitourinary system, kidney disease, glomerules, mesangial proliferative, endocapillary proliferative, membranoproliferative/mesangiocapillary, diabetic, amyloidosis, goodpasture's syndrome, type ii rpg, type iii hypersensitivity, post-streptococcal, lupus, dpgn, iga/berger, type iii rpg, pauci-immune, granulomatosis with polyangiitis, microscopic polyangiitis, eosinophilic granulomatosis with polyangiitis, glomerulonephritis, glomerulonephrosis, acute tubular necrosis, fanconi syndrome, bartter syndrome, gitelman syndrome, liddle's syndrome, interstitium, nephritis, nephrosis, chronic kidney disease, uremic pericarditis, uremia, diabetes insipidus, nephrogenic, renal papilla, renal papillary necrosis, major calyx, reflux nephropathy, vascular, renal artery stenosis, renal ischemia, hypertensive nephropathy, renovascular hypertension, renal cortical necrosis, analgesic nephropathy, abderhalden–kaufmann–lignac syndrome, megaureter, hunner's ulcer, hemorrhagic cystitis, neurogenic bladder dysfunction, bladder sphincter dyssynergia, vesicoureteral reflux, non-gonococcal urethritis, meatal stenosis, obstructive uropathy, retroperitoneal fibrosis, urolithiasis, bladder stone, kidney stone, malakoplakia, testicular torsion, aspermia, asthenozoospermia, hyperspermia, hypospermia, necrospermia, teratospermia, epididymis, hematocele, prostatitis, acute prostatitis, chronic bacterial prostatitis, chronic prostatitis/chronic pelvic pain syndrome, asymptomatic inflammatory prostatitis, benign prostatic hyperplasia, prostate cancer, seminal vesicle, seminal vesiculitis, balanoposthitis / balanitis, balanitis plasmacellularis, pseudoepitheliomatous keratotic and micaceous balanitis, sexual dysfunction, erectile dysfunction, penile cancer, penile fracture, balanitis xerotica obliterans, hematospermia, retrograde ejaculation, postorgasmic illness syndrome, nonpuerperal mastitis, subareolar abscess, granulomatous mastitis, duct ectasia of breast, chronic cystic mastitis, mammoplasia, adipomastia (lipomastia, pseudogynecomastia),breast hypertrophy, breast atrophy, micromastia, amastia, anisomastia, breast engorgement, galactorrhea, inverted nipple, cracked nipples, breast cyst, breast hematoma, breast lump, pseudoangiomatous stromal hyperplasia, tension, ptosis, fat necrosis, amazia, endometriosis of ovary, poor ovarian reserve, ovarian apoplexy, ovarian cyst, theca lutein cyst, ovarian hyperstimulation syndrome, ovarian torsion, fallopian tube obstruction, hematosalpinx, endometrium, asherman's syndrome, dysfunctional uterine bleeding, endometrial hyperplasia, endometrial polyp, hypomenorrhea, oligomenorrhea, dysmenorrhea, recurrent miscarriage, myometrium, parametrium, cervical incompetence, cervical polyp, cervical stenosis, nabothian cyst, hematometra, retroverted uterus, hematocolpos, hydrocolpos, leukorrhea, vaginal discharge, bacterial vaginosis, candidal vulvovaginitis, hypoactive sexual desire disorder, sexual arousal disorder, urogenital fistulas, ureterovaginal, vesicovaginal, obstetric fistula, rectovaginal fistula, pelvic congestion syndrome, bartholin's cyst, kraurosis vulvae, vestibular papillomatosis, vulvodynia, clitoral hood, clitoris, persistent genital arousal disorder					
Infectious and parasitic diseases	infection, antibiotic, pathogen			1		
Drug Format	Small molecular, Large Molecule, Gene Therapy, Cellular Therapy, Digital Medicine, Medical Device, Therapeutic Vaccines, Vaccines, iRNA/miRNA					
Small molecular	compound, small molecule			1		
Large Molecule	antibody drug, protein drug, therapeutic antibody, therapeutic protein, biological drug					
Gene Therapy	gene therapy, adenovirus, AAV					
Cellular Therapy	CAR-T, TCR, Cellular therapy					
Digital Medicine	mobile medical applications					
Medical Device	medical device, 510(k), 90/385/EEC, 93/42/EEC, 98/79/EC, 21 CFR 860					
Therapeutic Vaccines	therapeutic vaccine, tumor vaccine				1	
Vaccine	vaccine					
siRNA/miRNA	siRNA, miRNA,					
Mechanism of Action	Immunology					
Immunology	immune-checkpoint, immunisation,				1	